,attributes,squared_loadings
9,Books,0.526568613211
10,Personal,0.404847600633
11,PhD,0.388519414354
12,Terminal,0.381124768583
2,Enroll,0.228606461179
1,Accept,0.227149551934
5,F.Undergrad,0.21845967643
0,Apps,0.215859948615
3,Top10perc,0.187737662814
14,perc.alumni,0.182801121738
6,P.Undergrad,0.176631427453
7,Outstate,0.160310713531
15,Expend,0.158093913085
8,Room.Board,0.149961277319
13,S.F.Ratio,0.149040230301
4,Top25perc,0.135734920381
16,Grad.Rate,0.108552698439
